{"addition":[[100,3.3e-05],[2500,2.1e-05],[10000,8.0e-06],[250000,2.0e-05],[1000000,2.4e-05],[4000000,2.4e-05],[9000000,2.4e-05],[16000000,2.4e-05],[25000000,2.4e-05]],"subtraction":[[100,1.6e-05],[2500,7.0e-06],[10000,6.0e-06],[250000,1.0e-05],[1000000,1.5e-05],[4000000,9.0e-06],[9000000,8.0e-06],[16000000,9.0e-06],[25000000,7.0e-06]],"mat_mult":[[100,0.109282],[2500,2.3e-05],[10000,2.3e-05],[250000,0.000308],[1000000,0.000335],[4000000,0.000405],[9000000,0.000446],[16000000,0.000532],[25000000,0.000627]]}