{"mat_mult":[[100,5.9e-05],[2500,0.000129],[10000,0.000468],[250000,0.028932],[1000000,0.222329],[4000000,1.686158],[9000000,5.823262],[16000000,14.771753],[25000000,31.533603]],"determinant":[[100,0.032945],[2500,0.000148],[10000,0.000481],[250000,0.015275],[1000000,0.096632],[4000000,0.657771],[9000000,2.100751],[16000000,5.795541],[25000000,12.69576]],"lu_factorization":[[100,1.9e-05],[2500,0.000104],[10000,0.000383],[250000,0.014917],[1000000,0.092565],[4000000,0.721756],[9000000,2.144713],[16000000,5.698988],[25000000,12.27144]]}
