{"mat_mult":[[100,0.025646],[2500,8.5e-05],[10000,0.005245],[250000,0.013854],[1000000,0.106567],[4000000,0.842721],[9000000,2.791362],[16000000,6.420466],[25000000,14.013351]],"determinant":[[100,0.016363],[2500,0.000177],[10000,0.006026],[250000,0.009047],[1000000,0.051666],[4000000,0.342829],[9000000,1.115299],[16000000,2.540101],[25000000,5.069616]],"lu_factorization":[[100,1.9e-05],[2500,8.2e-05],[10000,0.000539],[250000,0.008308],[1000000,0.059306],[4000000,0.338724],[9000000,1.080518],[16000000,2.681375],[25000000,5.028119]]}