{"addition":[[100,5.7e-05],[2500,2.4e-05],[10000,2.5e-05],[250000,0.000259],[1000000,0.000236],[4000000,0.000251],[9000000,0.000305],[16000000,0.000345],[25000000,0.000375]],"subtraction":[[100,6.0e-05],[2500,2.3e-05],[10000,2.2e-05],[250000,0.000226],[1000000,0.000255],[4000000,0.000247],[9000000,0.000316],[16000000,0.000353],[25000000,0.000416]],"mat_mult":[[100,3.8e-05],[2500,1.9e-05],[10000,1.8e-05],[250000,0.000244],[1000000,0.000259],[4000000,0.000256],[9000000,0.000328],[16000000,0.000335],[25000000,0.000424]]}