{"determinant":[[100,0.133585],[2500,0.000741],[10000,0.001319],[250000,0.009963],[1000000,0.033835],[4000000,0.170715],[9000000,0.470736],[16000000,1.069625],[25000000,2.06884]],"lu_factorization":[[100,0.000204],[2500,0.00074],[10000,0.001326],[250000,0.00991],[1000000,0.033551],[4000000,0.158271],[9000000,0.469638],[16000000,1.070725],[25000000,2.069709]]}