{"mat_mult_cpu":[[100,0.000105],[2500,0.000112],[10000,0.000395],[250000,0.029109],[1000000,0.221237],[4000000,1.706225],[9000000,5.697247],[16000000,13.75477],[25000000,29.417607]],"mat_mult_gpu":[[100,2.6e-05],[2500,2.8e-05],[10000,2.5e-05],[250000,0.000417],[1000000,0.000413],[4000000,0.000452],[9000000,0.000486],[16000000,0.000532],[25000000,0.000818]]}
