{"addition":[[100,7.1e-05],[2500,0.000518],[10000,0.002076],[250000,0.05096],[1000000,0.203972],[4000000,0.839594],[9000000,2.227889],[16000000,3.845464],[25000000,6.37773]],"subtraction":[[100,3.1e-05],[2500,0.000484],[10000,0.001978],[250000,0.047876],[1000000,0.191889],[4000000,0.758676],[9000000,1.941517],[16000000,3.641419],[25000000,6.014613]],"mat_mult":[[100,8.0e-06],[2500,0.000128],[10000,0.001065],[250000,0.118342],[1000000,0.962533],[4000000,7.88447],[9000000,28.038027],[16000000,72.124765],[25000000,146.300312]]}
