{"addition":[[100,0.000329],[2500,0.000306],[10000,0.000533],[250000,0.002192],[1000000,0.008243],[4000000,0.026606],[9000000,0.065847],[16000000,0.142271],[25000000,0.221802]],"subtraction":[[100,0.000176],[2500,0.000289],[10000,0.000544],[250000,0.0038],[1000000,0.008415],[4000000,0.028621],[9000000,0.06153],[16000000,0.145934],[25000000,0.215155]],"mat_mult":[[100,0.000543],[2500,0.001385],[10000,0.003403],[250000,0.113032],[1000000,0.923212],[4000000,7.720131],[9000000,31.900358],[16000000,77.340529],[25000000,149.181239]],"determinant":[[100,0.000652],[2500,0.000661],[10000,0.00234],[250000,0.093523],[1000000,0.832276],[4000000,7.827187],[9000000,29.658463],[16000000,70.671528],[25000000,127.85145]],"lu_factorization":[[100,0.000578],[2500,0.002127],[10000,0.00578],[250000,0.15137],[1000000,1.478785],[4000000,13.284971],[9000000,47.91726],[16000000,122.550196],[25000000,211.142307]]}